run,group,length,n_total,n_used,n_shorter,unique,top1_count,top1_share,top4_share,collision_probability
batch_A_seed0,WIN/WIN,4,2500,2493,7,2484,2,0.0008022462896109105,0.003208985158443642,2.897358188803449e-06
batch_A_seed0,WIN/WIN,8,2500,2470,30,2470,1,0.0004048582995951417,0.0016194331983805667,0.0
batch_A_seed0,WIN/WIN,12,2500,2439,61,2439,1,0.0004100041000410004,0.0016400164001640015,0.0
batch_A_seed0,LOSE/LOSE,4,2500,2492,8,2481,2,0.0008025682182985554,0.0032102728731942215,3.544058772093179e-06
batch_A_seed0,LOSE/LOSE,8,2500,2474,26,2474,1,0.0004042037186742118,0.0016168148746968471,0.0
batch_A_seed0,LOSE/LOSE,12,2500,2448,52,2448,1,0.0004084967320261438,0.0016339869281045752,0.0
batch_A_seed0,WIN/LOSE,4,2500,2492,8,2485,2,0.0008025682182985554,0.0032102728731942215,2.2553101276956595e-06
batch_A_seed0,WIN/LOSE,8,2500,2471,29,2471,1,0.0004046944556859571,0.0016187778227438284,0.0
batch_A_seed0,WIN/LOSE,12,2500,2441,59,2441,1,0.00040966816878328555,0.0016386726751331422,0.0
batch_A_seed0,LOSE/WIN,4,2500,2494,6,2485,2,0.0008019246190858059,0.0032076984763432237,2.8950347259415376e-06
batch_A_seed0,LOSE/WIN,8,2500,2479,21,2479,1,0.0004033884630899556,0.0016135538523598225,0.0
batch_A_seed0,LOSE/WIN,12,2500,2452,48,2452,1,0.0004078303425774878,0.0016313213703099511,0.0
batch_A_seed0,mixed,4,5000,4986,14,4952,2,0.00040112314480545525,0.001604492579221821,2.735844919435402e-06
batch_A_seed0,mixed,8,5000,4950,50,4950,1,0.00020202020202020202,0.0008080808080808081,0.0
batch_A_seed0,mixed,12,5000,4893,107,4893,1,0.00020437359493153485,0.0008174943797261394,0.0
batch_A_seed0,same,4,5000,4985,15,4949,2,0.00040120361083249747,0.0016048144433299899,2.8979394040870606e-06
batch_A_seed0,same,8,5000,4944,56,4944,1,0.0002022653721682848,0.0008090614886731392,0.0
batch_A_seed0,same,12,5000,4887,113,4887,1,0.0002046245140167792,0.0008184980560671168,0.0
