rank,prefix,count,share
1,"[15, 4, 23, 21, 14, 18, 9, 2, 6, 25, 25]",1,0.01
2,"[14, 7, 23, 2, 12, 10, 17, 1, 3, 24, 4, 18]",1,0.01
3,"[9, 22, 12, 5, 3, 25, 13, 24, 6, 17, 1, 19]",1,0.01
4,"[6, 22, 21, 5, 3, 18, 17, 16, 4, 25, 0, 8]",1,0.01
5,"[8, 11, 20, 18, 22, 12, 0, 5, 24, 19, 15, 23]",1,0.01
6,"[9, 5, 25, 16, 20, 6, 8, 3, 13, 0, 4, 15]",1,0.01
7,"[13, 23, 8, 16, 9, 21, 5, 18, 11, 20, 1, 3]",1,0.01
8,"[7, 15, 12, 20, 19, 0, 10, 14, 17, 6, 24, 9]",1,0.01
9,"[25, 22, 18, 7, 11, 0, 19, 5, 4, 17, 24, 12]",1,0.01
10,"[18, 22, 16, 20, 24, 19, 3, 11, 8, 4, 14, 2]",1,0.01
11,"[17, 5, 7, 9, 20, 14, 19, 13, 23, 16, 15, 22]",1,0.01
12,"[17, 22, 3, 6, 25, 18, 12, 1, 13, 19, 11, 0]",1,0.01
13,"[19, 22, 17, 14, 12, 11, 21, 23, 9, 8, 25, 3]",1,0.01
14,"[3, 2, 16, 17, 13, 23, 8, 25, 18, 7, 14, 21]",1,0.01
15,"[21, 8, 13, 17, 1, 16, 3, 25, 11, 24, 10, 9]",1,0.01
16,"[17, 14, 2, 25, 16, 0, 15, 6, 3, 7, 10, 4]",1,0.01
17,"[3, 16, 6, 18, 5, 14, 21, 25, 13, 17, 15, 2]",1,0.01
18,"[11, 15, 0, 10, 1, 13, 9, 12, 5, 19, 4, 23]",1,0.01
19,"[18, 2, 23, 10, 9, 24, 6, 7, 15, 17, 5, 12]",1,0.01
20,"[23, 11, 13, 8, 4, 6, 16, 2, 12, 20, 3, 17]",1,0.01
