run,agent,opponent,n,successes,rate,low,high
batch_A_seed0,RAND-LOSE,RAND-LOSE,5000,2500,0.5,0.48614628258320963,0.5138537174167904
batch_A_seed0,RAND-LOSE,RAND-WIN,5000,2528,0.5056,0.49174285171762233,0.5194485500205932
batch_A_seed0,RAND-WIN,RAND-LOSE,5000,2528,0.5056,0.49174285171762233,0.5194485500205932
batch_A_seed0,RAND-WIN,RAND-WIN,5000,2500,0.5,0.48614628258320963,0.5138537174167904
batch_B_shallow_seed0,LOSE-shallow-s1,LOSE-shallow-s2,100,53,0.53,0.4328885697009936,0.6248918204065872
batch_B_shallow_seed0,LOSE-shallow-s1,LOSE-shallow-s3,100,47,0.47,0.3751081795934127,0.5671114302990063
batch_B_shallow_seed0,LOSE-shallow-s1,LOSE-shallow-s4,100,51,0.51,0.4134801193402717,0.6057800106955886
batch_B_shallow_seed0,LOSE-shallow-s1,WIN-shallow-s1,100,100,1.0,0.9630065017930143,1.0
batch_B_shallow_seed0,LOSE-shallow-s1,WIN-shallow-s2,100,100,1.0,0.9630065017930143,1.0
batch_B_shallow_seed0,LOSE-shallow-s1,WIN-shallow-s3,100,100,1.0,0.9630065017930143,1.0
batch_B_shallow_seed0,LOSE-shallow-s1,WIN-shallow-s4,100,100,1.0,0.9630065017930143,1.0
batch_B_shallow_seed0,LOSE-shallow-s2,LOSE-shallow-s1,100,47,0.47,0.3751081795934127,0.5671114302990063
batch_B_shallow_seed0,LOSE-shallow-s2,LOSE-shallow-s3,100,48,0.48,0.384645517580519,0.5768342223477603
batch_B_shallow_seed0,LOSE-shallow-s2,LOSE-shallow-s4,100,52,0.52,0.4231657776522397,0.615354482419481
batch_B_shallow_seed0,LOSE-shallow-s2,WIN-shallow-s1,100,100,1.0,0.9630065017930143,1.0
batch_B_shallow_seed0,LOSE-shallow-s2,WIN-shallow-s2,100,100,1.0,0.9630065017930143,1.0
batch_B_shallow_seed0,LOSE-shallow-s2,WIN-shallow-s3,100,100,1.0,0.9630065017930143,1.0
batch_B_shallow_seed0,LOSE-shallow-s2,WIN-shallow-s4,100,100,1.0,0.9630065017930143,1.0
batch_B_shallow_seed0,LOSE-shallow-s3,LOSE-shallow-s1,100,53,0.53,0.4328885697009936,0.6248918204065872
batch_B_shallow_seed0,LOSE-shallow-s3,LOSE-shallow-s2,100,52,0.52,0.4231657776522397,0.615354482419481
batch_B_shallow_seed0,LOSE-shallow-s3,LOSE-shallow-s4,100,48,0.48,0.384645517580519,0.5768342223477603
batch_B_shallow_seed0,LOSE-shallow-s3,WIN-shallow-s1,100,100,1.0,0.9630065017930143,1.0
batch_B_shallow_seed0,LOSE-shallow-s3,WIN-shallow-s2,100,100,1.0,0.9630065017930143,1.0
batch_B_shallow_seed0,LOSE-shallow-s3,WIN-shallow-s3,100,100,1.0,0.9630065017930143,1.0
batch_B_shallow_seed0,LOSE-shallow-s3,WIN-shallow-s4,100,100,1.0,0.9630065017930143,1.0
batch_B_shallow_seed0,LOSE-shallow-s4,LOSE-shallow-s1,100,49,0.49,0.3942199893044113,0.5865198806597283
batch_B_shallow_seed0,LOSE-shallow-s4,LOSE-shallow-s2,100,48,0.48,0.384645517580519,0.5768342223477603
batch_B_shallow_seed0,LOSE-shallow-s4,LOSE-shallow-s3,100,52,0.52,0.4231657776522397,0.615354482419481
batch_B_shallow_seed0,LOSE-shallow-s4,WIN-shallow-s1,100,100,1.0,0.9630065017930143,1.0
batch_B_shallow_seed0,LOSE-shallow-s4,WIN-shallow-s2,100,100,1.0,0.9630065017930143,1.0
batch_B_shallow_seed0,LOSE-shallow-s4,WIN-shallow-s3,100,100,1.0,0.9630065017930143,1.0
batch_B_shallow_seed0,LOSE-shallow-s4,WIN-shallow-s4,100,100,1.0,0.9630065017930143,1.0
batch_B_shallow_seed0,WIN-shallow-s1,LOSE-shallow-s1,100,100,1.0,0.9630065017930143,1.0
batch_B_shallow_seed0,WIN-shallow-s1,LOSE-shallow-s2,100,100,1.0,0.9630065017930143,1.0
batch_B_shallow_seed0,WIN-shallow-s1,LOSE-shallow-s3,100,100,1.0,0.9630065017930143,1.0
batch_B_shallow_seed0,WIN-shallow-s1,LOSE-shallow-s4,100,100,1.0,0.9630065017930143,1.0
batch_B_shallow_seed0,WIN-shallow-s1,WIN-shallow-s2,100,52,0.52,0.4231657776522397,0.615354482419481
batch_B_shallow_seed0,WIN-shallow-s1,WIN-shallow-s3,100,52,0.52,0.4231657776522397,0.615354482419481
batch_B_shallow_seed0,WIN-shallow-s1,WIN-shallow-s4,100,54,0.54,0.44264860323368227,0.6343919169097589
batch_B_shallow_seed0,WIN-shallow-s2,LOSE-shallow-s1,100,100,1.0,0.9630065017930143,1.0
batch_B_shallow_seed0,WIN-shallow-s2,LOSE-shallow-s2,100,100,1.0,0.9630065017930143,1.0
batch_B_shallow_seed0,WIN-shallow-s2,LOSE-shallow-s3,100,100,1.0,0.9630065017930143,1.0
batch_B_shallow_seed0,WIN-shallow-s2,LOSE-shallow-s4,100,100,1.0,0.9630065017930143,1.0
batch_B_shallow_seed0,WIN-shallow-s2,WIN-shallow-s1,100,48,0.48,0.384645517580519,0.5768342223477603
batch_B_shallow_seed0,WIN-shallow-s2,WIN-shallow-s3,100,46,0.46,0.36560808309024106,0.5573513967663177
batch_B_shallow_seed0,WIN-shallow-s2,WIN-shallow-s4,100,46,0.46,0.36560808309024106,0.5573513967663177
batch_B_shallow_seed0,WIN-shallow-s3,LOSE-shallow-s1,100,100,1.0,0.9630065017930143,1.0
batch_B_shallow_seed0,WIN-shallow-s3,LOSE-shallow-s2,100,100,1.0,0.9630065017930143,1.0
batch_B_shallow_seed0,WIN-shallow-s3,LOSE-shallow-s3,100,100,1.0,0.9630065017930143,1.0
batch_B_shallow_seed0,WIN-shallow-s3,LOSE-shallow-s4,100,100,1.0,0.9630065017930143,1.0
batch_B_shallow_seed0,WIN-shallow-s3,WIN-shallow-s1,100,48,0.48,0.384645517580519,0.5768342223477603
batch_B_shallow_seed0,WIN-shallow-s3,WIN-shallow-s2,100,54,0.54,0.44264860323368227,0.6343919169097589
batch_B_shallow_seed0,WIN-shallow-s3,WIN-shallow-s4,100,52,0.52,0.4231657776522397,0.615354482419481
batch_B_shallow_seed0,WIN-shallow-s4,LOSE-shallow-s1,100,100,1.0,0.9630065017930143,1.0
batch_B_shallow_seed0,WIN-shallow-s4,LOSE-shallow-s2,100,100,1.0,0.9630065017930143,1.0
batch_B_shallow_seed0,WIN-shallow-s4,LOSE-shallow-s3,100,100,1.0,0.9630065017930143,1.0
batch_B_shallow_seed0,WIN-shallow-s4,LOSE-shallow-s4,100,100,1.0,0.9630065017930143,1.0
batch_B_shallow_seed0,WIN-shallow-s4,WIN-shallow-s1,100,46,0.46,0.36560808309024106,0.5573513967663177
batch_B_shallow_seed0,WIN-shallow-s4,WIN-shallow-s2,100,54,0.54,0.44264860323368227,0.6343919169097589
batch_B_shallow_seed0,WIN-shallow-s4,WIN-shallow-s3,100,48,0.48,0.384645517580519,0.5768342223477603
batch_B_shallow_seed1,LOSE-shallow-s1,LOSE-shallow-s2,100,52,0.52,0.4231657776522397,0.615354482419481
batch_B_shallow_seed1,LOSE-shallow-s1,LOSE-shallow-s3,100,48,0.48,0.384645517580519,0.5768342223477603
batch_B_shallow_seed1,LOSE-shallow-s1,LOSE-shallow-s4,100,51,0.51,0.4134801193402717,0.6057800106955886
batch_B_shallow_seed1,LOSE-shallow-s1,WIN-shallow-s1,100,100,1.0,0.9630065017930143,1.0
batch_B_shallow_seed1,LOSE-shallow-s1,WIN-shallow-s2,100,100,1.0,0.9630065017930143,1.0
batch_B_shallow_seed1,LOSE-shallow-s1,WIN-shallow-s3,100,100,1.0,0.9630065017930143,1.0
batch_B_shallow_seed1,LOSE-shallow-s1,WIN-shallow-s4,100,100,1.0,0.9630065017930143,1.0
batch_B_shallow_seed1,LOSE-shallow-s2,LOSE-shallow-s1,100,48,0.48,0.384645517580519,0.5768342223477603
batch_B_shallow_seed1,LOSE-shallow-s2,LOSE-shallow-s3,100,49,0.49,0.3942199893044113,0.5865198806597283
batch_B_shallow_seed1,LOSE-shallow-s2,LOSE-shallow-s4,100,51,0.51,0.4134801193402717,0.6057800106955886
batch_B_shallow_seed1,LOSE-shallow-s2,WIN-shallow-s1,100,100,1.0,0.9630065017930143,1.0
batch_B_shallow_seed1,LOSE-shallow-s2,WIN-shallow-s2,100,100,1.0,0.9630065017930143,1.0
batch_B_shallow_seed1,LOSE-shallow-s2,WIN-shallow-s3,100,100,1.0,0.9630065017930143,1.0
batch_B_shallow_seed1,LOSE-shallow-s2,WIN-shallow-s4,100,100,1.0,0.9630065017930143,1.0
batch_B_shallow_seed1,LOSE-shallow-s3,LOSE-shallow-s1,100,52,0.52,0.4231657776522397,0.615354482419481
batch_B_shallow_seed1,LOSE-shallow-s3,LOSE-shallow-s2,100,51,0.51,0.4134801193402717,0.6057800106955886
batch_B_shallow_seed1,LOSE-shallow-s3,LOSE-shallow-s4,100,52,0.52,0.4231657776522397,0.615354482419481
batch_B_shallow_seed1,LOSE-shallow-s3,WIN-shallow-s1,100,100,1.0,0.9630065017930143,1.0
batch_B_shallow_seed1,LOSE-shallow-s3,WIN-shallow-s2,100,100,1.0,0.9630065017930143,1.0
batch_B_shallow_seed1,LOSE-shallow-s3,WIN-shallow-s3,100,100,1.0,0.9630065017930143,1.0
batch_B_shallow_seed1,LOSE-shallow-s3,WIN-shallow-s4,100,100,1.0,0.9630065017930143,1.0
batch_B_shallow_seed1,LOSE-shallow-s4,LOSE-shallow-s1,100,49,0.49,0.3942199893044113,0.5865198806597283
batch_B_shallow_seed1,LOSE-shallow-s4,LOSE-shallow-s2,100,49,0.49,0.3942199893044113,0.5865198806597283
batch_B_shallow_seed1,LOSE-shallow-s4,LOSE-shallow-s3,100,48,0.48,0.384645517580519,0.5768342223477603
batch_B_shallow_seed1,LOSE-shallow-s4,WIN-shallow-s1,100,100,1.0,0.9630065017930143,1.0
batch_B_shallow_seed1,LOSE-shallow-s4,WIN-shallow-s2,100,100,1.0,0.9630065017930143,1.0
batch_B_shallow_seed1,LOSE-shallow-s4,WIN-shallow-s3,100,100,1.0,0.9630065017930143,1.0
batch_B_shallow_seed1,LOSE-shallow-s4,WIN-shallow-s4,100,100,1.0,0.9630065017930143,1.0
batch_B_shallow_seed1,WIN-shallow-s1,LOSE-shallow-s1,100,100,1.0,0.9630065017930143,1.0
batch_B_shallow_seed1,WIN-shallow-s1,LOSE-shallow-s2,100,100,1.0,0.9630065017930143,1.0
batch_B_shallow_seed1,WIN-shallow-s1,LOSE-shallow-s3,100,100,1.0,0.9630065017930143,1.0
batch_B_shallow_seed1,WIN-shallow-s1,LOSE-shallow-s4,100,100,1.0,0.9630065017930143,1.0
batch_B_shallow_seed1,WIN-shallow-s1,WIN-shallow-s2,100,54,0.54,0.44264860323368227,0.6343919169097589
batch_B_shallow_seed1,WIN-shallow-s1,WIN-shallow-s3,100,46,0.46,0.36560808309024106,0.5573513967663177
batch_B_shallow_seed1,WIN-shallow-s1,WIN-shallow-s4,100,47,0.47,0.3751081795934127,0.5671114302990063
batch_B_shallow_seed1,WIN-shallow-s2,LOSE-shallow-s1,100,100,1.0,0.9630065017930143,1.0
batch_B_shallow_seed1,WIN-shallow-s2,LOSE-shallow-s2,100,100,1.0,0.9630065017930143,1.0
batch_B_shallow_seed1,WIN-shallow-s2,LOSE-shallow-s3,100,100,1.0,0.9630065017930143,1.0
batch_B_shallow_seed1,WIN-shallow-s2,LOSE-shallow-s4,100,100,1.0,0.9630065017930143,1.0
batch_B_shallow_seed1,WIN-shallow-s2,WIN-shallow-s1,100,46,0.46,0.36560808309024106,0.5573513967663177
batch_B_shallow_seed1,WIN-shallow-s2,WIN-shallow-s3,100,45,0.45,0.3561453797951198,0.5475539700255787
batch_B_shallow_seed1,WIN-shallow-s2,WIN-shallow-s4,100,58,0.58,0.4820648670304296,0.6720161732564526
batch_B_shallow_seed1,WIN-shallow-s3,LOSE-shallow-s1,100,100,1.0,0.9630065017930143,1.0
batch_B_shallow_seed1,WIN-shallow-s3,LOSE-shallow-s2,100,100,1.0,0.9630065017930143,1.0
batch_B_shallow_seed1,WIN-shallow-s3,LOSE-shallow-s3,100,100,1.0,0.9630065017930143,1.0
batch_B_shallow_seed1,WIN-shallow-s3,LOSE-shallow-s4,100,100,1.0,0.9630065017930143,1.0
batch_B_shallow_seed1,WIN-shallow-s3,WIN-shallow-s1,100,54,0.54,0.44264860323368227,0.6343919169097589
batch_B_shallow_seed1,WIN-shallow-s3,WIN-shallow-s2,100,55,0.55,0.45244602997442135,0.6438546202048803
batch_B_shallow_seed1,WIN-shallow-s3,WIN-shallow-s4,100,48,0.48,0.384645517580519,0.5768342223477603
batch_B_shallow_seed1,WIN-shallow-s4,LOSE-shallow-s1,100,100,1.0,0.9630065017930143,1.0
batch_B_shallow_seed1,WIN-shallow-s4,LOSE-shallow-s2,100,100,1.0,0.9630065017930143,1.0
batch_B_shallow_seed1,WIN-shallow-s4,LOSE-shallow-s3,100,100,1.0,0.9630065017930143,1.0
batch_B_shallow_seed1,WIN-shallow-s4,LOSE-shallow-s4,100,100,1.0,0.9630065017930143,1.0
batch_B_shallow_seed1,WIN-shallow-s4,WIN-shallow-s1,100,53,0.53,0.4328885697009936,0.6248918204065872
batch_B_shallow_seed1,WIN-shallow-s4,WIN-shallow-s2,100,42,0.42,0.3279838267435473,0.5179351329695703
batch_B_shallow_seed1,WIN-shallow-s4,WIN-shallow-s3,100,52,0.52,0.4231657776522397,0.615354482419481
B_pooled,LOSE-shallow-s1,LOSE-shallow-s2,200,105,0.525,0.4559739601468475,0.5930837735342891
B_pooled,LOSE-shallow-s1,LOSE-shallow-s3,200,95,0.475,0.4069162264657108,0.5440260398531525
B_pooled,LOSE-shallow-s1,LOSE-shallow-s4,200,102,0.51,0.44118587678458643,0.5784372166878682
B_pooled,LOSE-shallow-s1,WIN-shallow-s1,200,200,1.0,0.9811546736227335,1.0
B_pooled,LOSE-shallow-s1,WIN-shallow-s2,200,200,1.0,0.9811546736227335,1.0
B_pooled,LOSE-shallow-s1,WIN-shallow-s3,200,200,1.0,0.9811546736227335,1.0
B_pooled,LOSE-shallow-s1,WIN-shallow-s4,200,200,1.0,0.9811546736227335,1.0
B_pooled,LOSE-shallow-s2,LOSE-shallow-s1,200,95,0.475,0.4069162264657108,0.5440260398531525
B_pooled,LOSE-shallow-s2,LOSE-shallow-s3,200,97,0.485,0.41667385171877513,0.5538915080725428
B_pooled,LOSE-shallow-s2,LOSE-shallow-s4,200,103,0.515,0.44610849192745716,0.5833261482812249
B_pooled,LOSE-shallow-s2,WIN-shallow-s1,200,200,1.0,0.9811546736227335,1.0
B_pooled,LOSE-shallow-s2,WIN-shallow-s2,200,200,1.0,0.9811546736227335,1.0
B_pooled,LOSE-shallow-s2,WIN-shallow-s3,200,200,1.0,0.9811546736227335,1.0
B_pooled,LOSE-shallow-s2,WIN-shallow-s4,200,200,1.0,0.9811546736227335,1.0
B_pooled,LOSE-shallow-s3,LOSE-shallow-s1,200,105,0.525,0.4559739601468475,0.5930837735342891
B_pooled,LOSE-shallow-s3,LOSE-shallow-s2,200,103,0.515,0.44610849192745716,0.5833261482812249
B_pooled,LOSE-shallow-s3,LOSE-shallow-s4,200,100,0.5,0.43136085960389187,0.5686391403961082
B_pooled,LOSE-shallow-s3,WIN-shallow-s1,200,200,1.0,0.9811546736227335,1.0
B_pooled,LOSE-shallow-s3,WIN-shallow-s2,200,200,1.0,0.9811546736227335,1.0
B_pooled,LOSE-shallow-s3,WIN-shallow-s3,200,200,1.0,0.9811546736227335,1.0
B_pooled,LOSE-shallow-s3,WIN-shallow-s4,200,200,1.0,0.9811546736227335,1.0
B_pooled,LOSE-shallow-s4,LOSE-shallow-s1,200,98,0.49,0.42156278331213176,0.5588141232154135
B_pooled,LOSE-shallow-s4,LOSE-shallow-s2,200,97,0.485,0.41667385171877513,0.5538915080725428
B_pooled,LOSE-shallow-s4,LOSE-shallow-s3,200,100,0.5,0.43136085960389187,0.5686391403961082
B_pooled,LOSE-shallow-s4,WIN-shallow-s1,200,200,1.0,0.9811546736227335,1.0
B_pooled,LOSE-shallow-s4,WIN-shallow-s2,200,200,1.0,0.9811546736227335,1.0
B_pooled,LOSE-shallow-s4,WIN-shallow-s3,200,200,1.0,0.9811546736227335,1.0
B_pooled,LOSE-shallow-s4,WIN-shallow-s4,200,200,1.0,0.9811546736227335,1.0
B_pooled,WIN-shallow-s1,LOSE-shallow-s1,200,200,1.0,0.9811546736227335,1.0
B_pooled,WIN-shallow-s1,LOSE-shallow-s2,200,200,1.0,0.9811546736227335,1.0
B_pooled,WIN-shallow-s1,LOSE-shallow-s3,200,200,1.0,0.9811546736227335,1.0
B_pooled,WIN-shallow-s1,LOSE-shallow-s4,200,200,1.0,0.9811546736227335,1.0
B_pooled,WIN-shallow-s1,WIN-shallow-s2,200,106,0.53,0.4609168291500183,0.5979524512673458
B_pooled,WIN-shallow-s1,WIN-shallow-s3,200,98,0.49,0.42156278331213176,0.5588141232154135
B_pooled,WIN-shallow-s1,WIN-shallow-s4,200,101,0.505,0.43627000033527485,0.5735415464009526
B_pooled,WIN-shallow-s2,LOSE-shallow-s1,200,200,1.0,0.9811546736227335,1.0
B_pooled,WIN-shallow-s2,LOSE-shallow-s2,200,200,1.0,0.9811546736227335,1.0
B_pooled,WIN-shallow-s2,LOSE-shallow-s3,200,200,1.0,0.9811546736227335,1.0
B_pooled,WIN-shallow-s2,LOSE-shallow-s4,200,200,1.0,0.9811546736227335,1.0
B_pooled,WIN-shallow-s2,WIN-shallow-s1,200,94,0.47,0.40204754873265425,0.5390831708499817
B_pooled,WIN-shallow-s2,WIN-shallow-s3,200,91,0.455,0.387482193098835,0.524213886275119
B_pooled,WIN-shallow-s2,WIN-shallow-s4,200,104,0.52,0.4510378507281424,0.588208336216767
B_pooled,WIN-shallow-s3,LOSE-shallow-s1,200,200,1.0,0.9811546736227335,1.0
B_pooled,WIN-shallow-s3,LOSE-shallow-s2,200,200,1.0,0.9811546736227335,1.0
B_pooled,WIN-shallow-s3,LOSE-shallow-s3,200,200,1.0,0.9811546736227335,1.0
B_pooled,WIN-shallow-s3,LOSE-shallow-s4,200,200,1.0,0.9811546736227335,1.0
B_pooled,WIN-shallow-s3,WIN-shallow-s1,200,102,0.51,0.44118587678458643,0.5784372166878682
B_pooled,WIN-shallow-s3,WIN-shallow-s2,200,109,0.545,0.47578611372488105,0.6125178069011651
B_pooled,WIN-shallow-s3,WIN-shallow-s4,200,100,0.5,0.43136085960389187,0.5686391403961082
B_pooled,WIN-shallow-s4,LOSE-shallow-s1,200,200,1.0,0.9811546736227335,1.0
B_pooled,WIN-shallow-s4,LOSE-shallow-s2,200,200,1.0,0.9811546736227335,1.0
B_pooled,WIN-shallow-s4,LOSE-shallow-s3,200,200,1.0,0.9811546736227335,1.0
B_pooled,WIN-shallow-s4,LOSE-shallow-s4,200,200,1.0,0.9811546736227335,1.0
B_pooled,WIN-shallow-s4,WIN-shallow-s1,200,99,0.495,0.4264584535990475,0.5637299996647251
B_pooled,WIN-shallow-s4,WIN-shallow-s2,200,96,0.48,0.411791663783233,0.5489621492718576
B_pooled,WIN-shallow-s4,WIN-shallow-s3,200,100,0.5,0.43136085960389187,0.5686391403961082
