group,n_games,prefix_length,n_games_used,unique_prefixes,top1_share,top4_share
global,24,4,24,24,0.041666666666666664,0.16666666666666666
global,24,8,20,20,0.05,0.2
global,24,12,20,20,0.05,0.2
WIN_vs_WIN,4,4,4,4,0.25,1.0
WIN_vs_WIN,4,8,4,4,0.25,1.0
WIN_vs_WIN,4,12,4,4,0.25,1.0
LOSE_vs_LOSE,4,4,4,4,0.25,1.0
LOSE_vs_LOSE,4,8,2,2,0.5,1.0
LOSE_vs_LOSE,4,12,2,2,0.5,1.0
WIN_vs_LOSE,8,4,8,8,0.125,0.5
WIN_vs_LOSE,8,8,8,8,0.125,0.5
WIN_vs_LOSE,8,12,8,8,0.125,0.5
LOSE_vs_WIN,8,4,8,8,0.125,0.5
LOSE_vs_WIN,8,8,6,6,0.16666666666666666,0.6666666666666666
LOSE_vs_WIN,8,12,6,6,0.16666666666666666,0.6666666666666666
same_identity,8,4,8,8,0.125,0.5
same_identity,8,8,6,6,0.16666666666666666,0.6666666666666666
same_identity,8,12,6,6,0.16666666666666666,0.6666666666666666
mixed_identity,16,4,16,16,0.0625,0.25
mixed_identity,16,8,14,14,0.07142857142857142,0.2857142857142857
mixed_identity,16,12,14,14,0.07142857142857142,0.2857142857142857
pair:LOSE-shallow-s1__vs__LOSE-shallow-s2,4,4,4,4,0.25,1.0
pair:LOSE-shallow-s1__vs__LOSE-shallow-s2,4,8,2,2,0.5,1.0
pair:LOSE-shallow-s1__vs__LOSE-shallow-s2,4,12,2,2,0.5,1.0
pair:LOSE-shallow-s1__vs__WIN-shallow-s1,4,4,4,4,0.25,1.0
pair:LOSE-shallow-s1__vs__WIN-shallow-s1,4,8,4,4,0.25,1.0
pair:LOSE-shallow-s1__vs__WIN-shallow-s1,4,12,4,4,0.25,1.0
pair:LOSE-shallow-s1__vs__WIN-shallow-s2,4,4,4,4,0.25,1.0
pair:LOSE-shallow-s1__vs__WIN-shallow-s2,4,8,3,3,0.3333333333333333,1.0
pair:LOSE-shallow-s1__vs__WIN-shallow-s2,4,12,3,3,0.3333333333333333,1.0
pair:LOSE-shallow-s2__vs__WIN-shallow-s1,4,4,4,4,0.25,1.0
pair:LOSE-shallow-s2__vs__WIN-shallow-s1,4,8,4,4,0.25,1.0
pair:LOSE-shallow-s2__vs__WIN-shallow-s1,4,12,4,4,0.25,1.0
pair:LOSE-shallow-s2__vs__WIN-shallow-s2,4,4,4,4,0.25,1.0
pair:LOSE-shallow-s2__vs__WIN-shallow-s2,4,8,3,3,0.3333333333333333,1.0
pair:LOSE-shallow-s2__vs__WIN-shallow-s2,4,12,3,3,0.3333333333333333,1.0
pair:WIN-shallow-s1__vs__WIN-shallow-s2,4,4,4,4,0.25,1.0
pair:WIN-shallow-s1__vs__WIN-shallow-s2,4,8,4,4,0.25,1.0
pair:WIN-shallow-s1__vs__WIN-shallow-s2,4,12,4,4,0.25,1.0
